cam_ID,rec_ID,timestamp,label,confidence,track_ID,track_status,x_min,y_min,x_max,y_max
raspberrypi,21,2024-12-20T14:01:06.352780,insect,0.57,1,TRACKED,0.0063,0.7005,0.0255,0.7276
raspberrypi,21,2024-12-20T14:01:07.364394,insect,0.55,1,TRACKED,0.0075,0.7009,0.0259,0.727
raspberrypi,21,2024-12-20T14:01:08.417437,insect,0.54,1,TRACKED,0.0075,0.7002,0.0264,0.727
raspberrypi,21,2024-12-20T14:01:09.471160,insect,0.52,1,TRACKED,0.0073,0.7001,0.0261,0.7275
raspberrypi,21,2024-12-20T14:01:10.526469,insect,0.54,1,TRACKED,0.0082,0.6995,0.026,0.728
raspberrypi,21,2024-12-20T14:01:11.850428,insect,0.52,1,TRACKED,0.0081,0.6989,0.0262,0.7273
raspberrypi,21,2024-12-20T14:01:13.691046,insect,0.51,1,TRACKED,0.0072,0.6992,0.0256,0.7286
raspberrypi,21,2024-12-20T14:01:16.955615,insect,0.52,1,TRACKED,0.0069,0.7002,0.0256,0.7281
raspberrypi,21,2024-12-20T14:01:18.507254,insect,0.51,1,TRACKED,0.006,0.7005,0.0252,0.7281
raspberrypi,21,2024-12-20T14:01:31.999011,insect,0.52,2,NEW,0.0036,0.7015,0.0237,0.7264
raspberrypi,21,2024-12-20T14:01:33.591690,insect,0.52,3,TRACKED,0.0055,0.6991,0.0252,0.7254
raspberrypi,21,2024-12-20T14:01:35.041684,insect,0.51,3,TRACKED,0.0058,0.6993,0.025,0.7255
raspberrypi,21,2024-12-20T14:01:58.249815,insect,0.53,4,NEW,0.0021,0.7029,0.0193,0.7296
raspberrypi,21,2024-12-20T14:01:59.262738,insect,0.51,6,NEW,0.0027,0.7018,0.0215,0.7282
raspberrypi,21,2024-12-20T14:02:07.001665,insect,0.5,7,NEW,0.003,0.702,0.0212,0.7301
raspberrypi,21,2024-12-20T14:02:08.385783,insect,0.51,10,NEW,0.003,0.7024,0.0207,0.7303
raspberrypi,21,2024-12-20T14:02:09.790133,insect,0.5,12,NEW,0.0027,0.7031,0.0204,0.7296
raspberrypi,21,2024-12-20T14:02:12.140044,insect,0.5,13,NEW,0.0027,0.7027,0.0212,0.7293
raspberrypi,21,2024-12-20T14:02:13.545669,insect,0.51,15,NEW,0.0026,0.7023,0.0208,0.7293
raspberrypi,21,2024-12-20T14:02:14.889854,insect,0.52,17,NEW,0.0026,0.7038,0.0208,0.7291
raspberrypi,21,2024-12-20T14:02:16.645914,insect,0.5,18,NEW,0.0025,0.7036,0.0209,0.7287
raspberrypi,21,2024-12-20T14:02:18.195157,insect,0.51,19,NEW,0.0026,0.7029,0.0211,0.7282
raspberrypi,21,2024-12-20T14:02:19.207343,insect,0.5,20,NEW,0.0023,0.7037,0.0207,0.7288
raspberrypi,21,2024-12-20T14:02:20.219778,insect,0.5,26,NEW,0.0021,0.7039,0.0203,0.7287
raspberrypi,21,2024-12-20T14:02:21.253383,insect,0.51,31,NEW,0.0025,0.7028,0.0209,0.7284
raspberrypi,21,2024-12-20T14:02:22.328242,insect,0.5,34,NEW,0.0023,0.7038,0.0204,0.729
raspberrypi,21,2024-12-20T14:02:23.403901,insect,0.5,37,NEW,0.0023,0.7038,0.0204,0.7284
raspberrypi,21,2024-12-20T14:02:24.436723,insect,0.5,40,NEW,0.0029,0.7033,0.0209,0.7286
raspberrypi,21,2024-12-20T14:02:25.595867,insect,0.51,46,NEW,0.0023,0.7038,0.0207,0.7284
raspberrypi,21,2024-12-20T14:02:26.629520,insect,0.52,46,TRACKED,0.0023,0.7041,0.0205,0.7287
raspberrypi,21,2024-12-20T14:02:27.706913,insect,0.5,46,TRACKED,0.0025,0.7039,0.0202,0.7288
raspberrypi,21,2024-12-20T14:02:29.135187,insect,0.52,46,TRACKED,0.0024,0.7042,0.0204,0.7287
raspberrypi,21,2024-12-20T14:02:30.147520,insect,0.54,46,TRACKED,0.0022,0.7037,0.0203,0.7294
raspberrypi,21,2024-12-20T14:02:31.265637,insect,0.5,46,TRACKED,0.0024,0.7035,0.0204,0.7287
raspberrypi,21,2024-12-20T14:02:32.362055,insect,0.51,46,TRACKED,0.0022,0.7028,0.0208,0.7284
raspberrypi,21,2024-12-20T14:02:33.374590,insect,0.51,46,TRACKED,0.0025,0.7031,0.0206,0.7288
raspberrypi,21,2024-12-20T14:02:34.451401,insect,0.52,46,TRACKED,0.0023,0.7037,0.0203,0.7289
raspberrypi,21,2024-12-20T14:02:35.464998,insect,0.5,46,TRACKED,0.0025,0.7039,0.0201,0.7292
raspberrypi,21,2024-12-20T14:02:36.498258,insect,0.55,46,TRACKED,0.0024,0.7035,0.0201,0.7298
raspberrypi,21,2024-12-20T14:02:37.509812,insect,0.55,46,TRACKED,0.0023,0.7033,0.0202,0.7296
raspberrypi,21,2024-12-20T14:02:38.521544,insect,0.53,46,TRACKED,0.0025,0.7042,0.0201,0.7295
raspberrypi,21,2024-12-20T14:02:39.534802,insect,0.53,46,TRACKED,0.0025,0.7039,0.0199,0.7294
raspberrypi,21,2024-12-20T14:02:40.549020,insect,0.56,46,TRACKED,0.0023,0.7035,0.0201,0.7305
raspberrypi,21,2024-12-20T14:02:41.560894,insect,0.53,46,TRACKED,0.0027,0.7023,0.0199,0.7311
raspberrypi,21,2024-12-20T14:02:42.616145,insect,0.52,46,TRACKED,0.0026,0.703,0.02,0.7304
raspberrypi,21,2024-12-20T14:02:43.628832,insect,0.54,46,TRACKED,0.0021,0.7034,0.0195,0.7309
raspberrypi,21,2024-12-20T14:02:44.641252,insect,0.51,46,TRACKED,0.0026,0.703,0.0197,0.7307
raspberrypi,21,2024-12-20T14:02:45.651775,insect,0.52,46,TRACKED,0.0026,0.702,0.0197,0.7311
raspberrypi,21,2024-12-20T14:02:46.663227,insect,0.53,46,TRACKED,0.0026,0.7029,0.02,0.7304
raspberrypi,21,2024-12-20T14:02:47.674523,insect,0.52,46,TRACKED,0.0024,0.7039,0.0195,0.7301
raspberrypi,21,2024-12-20T14:02:48.706585,insect,0.53,46,TRACKED,0.0024,0.7034,0.0203,0.7296
raspberrypi,21,2024-12-20T14:02:49.718966,insect,0.53,46,TRACKED,0.0023,0.7046,0.0196,0.7298
raspberrypi,21,2024-12-20T14:02:50.731775,insect,0.51,46,TRACKED,0.0026,0.7032,0.0198,0.7303
raspberrypi,21,2024-12-20T14:02:51.765875,insect,0.52,46,TRACKED,0.0026,0.7018,0.0207,0.7315
raspberrypi,21,2024-12-20T14:02:52.778020,insect,0.54,46,TRACKED,0.0028,0.7028,0.0205,0.7318
raspberrypi,21,2024-12-20T14:02:53.791255,insect,0.52,46,TRACKED,0.003,0.7026,0.0204,0.7308
raspberrypi,21,2024-12-20T14:02:54.866580,insect,0.51,46,TRACKED,0.003,0.702,0.0204,0.7318
raspberrypi,21,2024-12-20T14:02:55.878789,insect,0.52,46,TRACKED,0.0031,0.7022,0.0202,0.7321
raspberrypi,21,2024-12-20T14:02:56.911949,insect,0.51,46,TRACKED,0.0029,0.7022,0.0204,0.7316
raspberrypi,21,2024-12-20T14:02:57.945260,insect,0.52,46,TRACKED,0.0028,0.7026,0.0203,0.7315
raspberrypi,21,2024-12-20T14:02:58.960035,insect,0.53,46,TRACKED,0.0032,0.7013,0.0207,0.7315
raspberrypi,21,2024-12-20T14:03:00.077871,insect,0.51,46,TRACKED,0.003,0.7017,0.0205,0.7319
raspberrypi,21,2024-12-20T14:03:01.485552,insect,0.52,46,TRACKED,0.0033,0.7018,0.0206,0.7319
raspberrypi,21,2024-12-20T14:03:02.561284,insect,0.53,46,TRACKED,0.0032,0.7011,0.0205,0.7326
raspberrypi,21,2024-12-20T14:03:03.660739,insect,0.51,46,TRACKED,0.0032,0.7009,0.0205,0.7327
raspberrypi,21,2024-12-20T14:03:05.089892,insect,0.51,46,TRACKED,0.0036,0.7027,0.0204,0.7311
raspberrypi,21,2024-12-20T14:03:06.292970,insect,0.51,46,TRACKED,0.0033,0.7019,0.0203,0.7319
raspberrypi,21,2024-12-20T14:03:07.305140,insect,0.51,46,TRACKED,0.003,0.7027,0.0202,0.7317
raspberrypi,21,2024-12-20T14:03:08.317420,insect,0.51,46,TRACKED,0.0028,0.7027,0.02,0.7323
raspberrypi,21,2024-12-20T14:03:09.329308,insect,0.51,46,TRACKED,0.0029,0.7028,0.0199,0.7315
raspberrypi,21,2024-12-20T14:03:10.341973,insect,0.54,46,TRACKED,0.0029,0.7038,0.0197,0.7316
raspberrypi,21,2024-12-20T14:03:11.418851,insect,0.53,46,TRACKED,0.0028,0.704,0.0197,0.7315
raspberrypi,21,2024-12-20T14:03:12.493987,insect,0.5,46,TRACKED,0.0028,0.7041,0.0192,0.7313
raspberrypi,21,2024-12-20T14:03:13.591420,insect,0.51,46,TRACKED,0.0023,0.7046,0.0189,0.7317
raspberrypi,21,2024-12-20T14:03:14.606131,insect,0.52,46,TRACKED,0.0026,0.7045,0.0194,0.7315
raspberrypi,21,2024-12-20T14:03:15.639802,insect,0.52,46,TRACKED,0.0023,0.7046,0.019,0.7311
raspberrypi,21,2024-12-20T14:03:16.653032,insect,0.51,46,TRACKED,0.0021,0.7048,0.0191,0.7308
raspberrypi,21,2024-12-20T14:03:17.749901,insect,0.53,46,TRACKED,0.0024,0.7048,0.0195,0.7307
raspberrypi,21,2024-12-20T14:03:18.784521,insect,0.51,46,TRACKED,0.0024,0.7045,0.0194,0.7309
raspberrypi,21,2024-12-20T14:03:19.796992,insect,0.52,46,TRACKED,0.0022,0.7045,0.0194,0.7311
raspberrypi,21,2024-12-20T14:03:20.809362,insect,0.53,46,TRACKED,0.002,0.7047,0.0194,0.7304
raspberrypi,21,2024-12-20T14:03:21.821659,insect,0.5,46,TRACKED,0.002,0.7043,0.0198,0.7297
raspberrypi,21,2024-12-20T14:03:22.834285,insect,0.53,46,TRACKED,0.0021,0.7044,0.0195,0.7299
raspberrypi,21,2024-12-20T14:03:23.848080,insect,0.54,46,TRACKED,0.0021,0.7045,0.0201,0.7299
raspberrypi,21,2024-12-20T14:03:24.860014,insect,0.57,46,TRACKED,0.0021,0.7047,0.0199,0.7301
raspberrypi,21,2024-12-20T14:03:25.871673,insect,0.51,46,TRACKED,0.0024,0.7048,0.0199,0.7296
raspberrypi,21,2024-12-20T14:03:26.884711,insect,0.51,46,TRACKED,0.0022,0.7052,0.0199,0.7295
raspberrypi,21,2024-12-20T14:03:27.939438,insect,0.51,46,TRACKED,0.0022,0.7043,0.02,0.7297
raspberrypi,21,2024-12-20T14:03:28.951440,insect,0.55,46,TRACKED,0.0021,0.7043,0.0197,0.7308
raspberrypi,21,2024-12-20T14:03:29.962347,insect,0.53,46,TRACKED,0.0024,0.7037,0.0197,0.7311
raspberrypi,21,2024-12-20T14:03:30.972776,insect,0.54,46,TRACKED,0.0022,0.7049,0.0189,0.732
raspberrypi,21,2024-12-20T14:03:31.984275,insect,0.52,46,TRACKED,0.0026,0.7042,0.0192,0.731
raspberrypi,21,2024-12-20T14:03:33.038770,insect,0.51,46,TRACKED,0.0023,0.7047,0.0187,0.7316
raspberrypi,21,2024-12-20T14:03:34.112518,insect,0.54,46,TRACKED,0.0012,0.7048,0.0171,0.7328
raspberrypi,21,2024-12-20T14:03:35.125570,insect,0.52,46,TRACKED,0.0024,0.7041,0.0184,0.733
raspberrypi,21,2024-12-20T14:03:36.140312,insect,0.51,46,TRACKED,0.0024,0.7043,0.0182,0.7332
raspberrypi,21,2024-12-20T14:03:37.383255,insect,0.52,46,TRACKED,0.0025,0.7043,0.0181,0.7337
raspberrypi,21,2024-12-20T14:03:38.395586,insect,0.55,46,TRACKED,0.0024,0.7048,0.0183,0.7337
raspberrypi,21,2024-12-20T14:03:39.407938,insect,0.54,46,TRACKED,0.0025,0.7056,0.0177,0.7344
raspberrypi,21,2024-12-20T14:03:40.420353,insect,0.55,46,TRACKED,0.0025,0.7066,0.0176,0.7344
raspberrypi,21,2024-12-20T14:03:41.432796,insect,0.58,46,TRACKED,0.0023,0.7064,0.0176,0.7349
raspberrypi,21,2024-12-20T14:03:42.444937,insect,0.54,46,TRACKED,0.0023,0.7061,0.0176,0.7346
raspberrypi,21,2024-12-20T14:03:43.457127,insect,0.5,46,TRACKED,0.0029,0.7055,0.0176,0.7352
raspberrypi,21,2024-12-20T14:03:44.468716,insect,0.55,46,TRACKED,0.0023,0.7059,0.0177,0.7344
raspberrypi,21,2024-12-20T14:03:45.501924,insect,0.51,46,TRACKED,0.0025,0.7059,0.0175,0.7354
raspberrypi,21,2024-12-20T14:03:46.744259,insect,0.52,46,TRACKED,0.0024,0.7045,0.0177,0.7354
raspberrypi,21,2024-12-20T14:03:48.441619,insect,0.51,46,TRACKED,0.0025,0.7056,0.0179,0.7355
raspberrypi,21,2024-12-20T14:03:49.454651,insect,0.52,46,TRACKED,0.0025,0.7056,0.0177,0.735
raspberrypi,21,2024-12-20T14:03:50.466954,insect,0.52,46,TRACKED,0.0026,0.7057,0.0177,0.7362
raspberrypi,21,2024-12-20T14:03:51.501152,insect,0.5,46,TRACKED,0.0026,0.7056,0.0176,0.7357
raspberrypi,21,2024-12-20T14:03:52.620920,insect,0.5,46,TRACKED,0.0025,0.7057,0.0177,0.7354
raspberrypi,21,2024-12-20T14:03:53.655883,insect,0.51,46,TRACKED,0.0024,0.7058,0.0177,0.7352
raspberrypi,21,2024-12-20T14:03:54.731978,insect,0.5,46,TRACKED,0.0025,0.7052,0.0179,0.735
raspberrypi,21,2024-12-20T14:03:55.764619,insect,0.51,46,TRACKED,0.0024,0.7052,0.018,0.7347
raspberrypi,21,2024-12-20T14:03:56.882907,insect,0.52,46,TRACKED,0.0024,0.705,0.018,0.7352
raspberrypi,21,2024-12-20T14:03:57.957864,insect,0.53,46,TRACKED,0.0025,0.7045,0.0184,0.7349
raspberrypi,21,2024-12-20T14:03:59.033698,insect,0.54,46,TRACKED,0.0023,0.7056,0.018,0.7343
raspberrypi,21,2024-12-20T14:04:00.045945,insect,0.54,46,TRACKED,0.0023,0.7045,0.0183,0.7345
raspberrypi,21,2024-12-20T14:04:01.058595,insect,0.51,46,TRACKED,0.0025,0.7044,0.0183,0.7341
raspberrypi,21,2024-12-20T14:04:02.070892,insect,0.52,46,TRACKED,0.0024,0.7051,0.0186,0.7338
raspberrypi,21,2024-12-20T14:04:03.083316,insect,0.53,46,TRACKED,0.0021,0.7047,0.0182,0.7333
raspberrypi,21,2024-12-20T14:04:04.094592,insect,0.53,46,TRACKED,0.0021,0.7051,0.0182,0.734
raspberrypi,21,2024-12-20T14:04:05.106526,insect,0.53,46,TRACKED,0.0018,0.7054,0.0179,0.7333
raspberrypi,21,2024-12-20T14:04:06.143783,insect,0.52,46,TRACKED,0.0022,0.7054,0.0181,0.7333
raspberrypi,21,2024-12-20T14:04:07.155480,insect,0.5,46,TRACKED,0.0018,0.7053,0.0177,0.7335
raspberrypi,21,2024-12-20T14:04:08.167235,insect,0.52,46,TRACKED,0.0018,0.7058,0.0175,0.7342
raspberrypi,21,2024-12-20T14:04:09.286020,insect,0.51,46,TRACKED,0.0018,0.7051,0.0179,0.7334
raspberrypi,21,2024-12-20T14:04:10.298589,insect,0.5,46,TRACKED,0.0018,0.705,0.0176,0.7327
raspberrypi,21,2024-12-20T14:04:11.395692,insect,0.51,46,TRACKED,0.0017,0.7055,0.0177,0.7317
raspberrypi,21,2024-12-20T14:04:12.408130,insect,0.52,46,TRACKED,0.0015,0.705,0.0177,0.7326
raspberrypi,21,2024-12-20T14:04:13.420161,insect,0.54,46,TRACKED,0.0015,0.7054,0.0176,0.7323
raspberrypi,21,2024-12-20T14:04:14.475693,insect,0.54,46,TRACKED,0.0015,0.7057,0.0177,0.7326
raspberrypi,21,2024-12-20T14:04:15.488427,insect,0.53,46,TRACKED,0.0015,0.7052,0.0177,0.7325
raspberrypi,21,2024-12-20T14:04:16.522428,insect,0.5,46,TRACKED,0.0015,0.7048,0.0177,0.7312
raspberrypi,21,2024-12-20T14:04:17.534348,insect,0.51,46,TRACKED,0.0013,0.7054,0.0176,0.732
raspberrypi,21,2024-12-20T14:04:18.546559,insect,0.5,46,TRACKED,0.0011,0.706,0.0171,0.7316
raspberrypi,21,2024-12-20T14:04:19.622268,insect,0.54,46,TRACKED,0.0011,0.7044,0.0178,0.7319
raspberrypi,21,2024-12-20T14:04:20.634968,insect,0.51,46,TRACKED,0.0014,0.705,0.0177,0.7318
raspberrypi,21,2024-12-20T14:04:21.690452,insect,0.5,46,TRACKED,0.0011,0.7052,0.0174,0.7318
raspberrypi,21,2024-12-20T14:04:22.744782,insect,0.53,46,TRACKED,0.0009,0.7056,0.0171,0.7321
raspberrypi,21,2024-12-20T14:04:23.800492,insect,0.5,46,TRACKED,0.0009,0.7061,0.017,0.7319
raspberrypi,21,2024-12-20T14:04:24.812675,insect,0.53,46,TRACKED,0.0007,0.7057,0.017,0.732
raspberrypi,21,2024-12-20T14:04:25.995041,insect,0.51,46,TRACKED,0.0008,0.7062,0.0167,0.7323
raspberrypi,21,2024-12-20T14:04:27.340605,insect,0.5,46,TRACKED,0.0008,0.706,0.017,0.7316
raspberrypi,21,2024-12-20T14:04:28.645519,insect,0.5,46,TRACKED,0.0006,0.706,0.0168,0.7311
raspberrypi,21,2024-12-20T14:04:29.679035,insect,0.53,46,TRACKED,0.0005,0.7064,0.0169,0.7316
raspberrypi,21,2024-12-20T14:04:30.755285,insect,0.52,46,TRACKED,0.0009,0.7067,0.0171,0.7317
raspberrypi,21,2024-12-20T14:04:31.831866,insect,0.52,46,TRACKED,0.0006,0.7062,0.0169,0.7322
raspberrypi,21,2024-12-20T14:04:32.845660,insect,0.52,46,TRACKED,0.0008,0.706,0.0171,0.7313
raspberrypi,21,2024-12-20T14:04:33.881966,insect,0.55,46,TRACKED,0.0008,0.7055,0.017,0.7337
raspberrypi,21,2024-12-20T14:04:34.893856,insect,0.5,46,TRACKED,0.0006,0.7062,0.0164,0.7327
raspberrypi,21,2024-12-20T14:04:35.929360,insect,0.53,46,TRACKED,0.0007,0.7058,0.0165,0.7333
raspberrypi,21,2024-12-20T14:04:36.948437,insect,0.53,46,TRACKED,0.0008,0.7069,0.0167,0.7334
raspberrypi,21,2024-12-20T14:04:37.961254,insect,0.54,46,TRACKED,0.001,0.7061,0.0168,0.7336
raspberrypi,21,2024-12-20T14:04:38.994684,insect,0.5,46,TRACKED,0.0011,0.7059,0.0171,0.7328
raspberrypi,21,2024-12-20T14:04:40.049873,insect,0.52,46,TRACKED,0.0011,0.706,0.017,0.733
raspberrypi,21,2024-12-20T14:04:41.083270,insect,0.52,46,TRACKED,0.0011,0.7058,0.0171,0.7331
raspberrypi,21,2024-12-20T14:04:42.095737,insect,0.5,46,TRACKED,0.0013,0.7063,0.0168,0.7333
raspberrypi,21,2024-12-20T14:04:43.107718,insect,0.5,46,TRACKED,0.0011,0.7061,0.0167,0.7327
raspberrypi,21,2024-12-20T14:04:44.119721,insect,0.5,46,TRACKED,0.0012,0.7056,0.017,0.7338
raspberrypi,21,2024-12-20T14:04:45.151673,insect,0.51,46,TRACKED,0.0012,0.7064,0.0167,0.7337
raspberrypi,21,2024-12-20T14:04:46.204684,insect,0.52,46,TRACKED,0.0014,0.7056,0.0167,0.7335
raspberrypi,21,2024-12-20T14:04:47.237510,insect,0.51,46,TRACKED,0.0015,0.7058,0.017,0.7341
raspberrypi,21,2024-12-20T14:04:48.249880,insect,0.51,46,TRACKED,0.0013,0.7057,0.0168,0.7342
raspberrypi,21,2024-12-20T14:04:49.326452,insect,0.52,46,TRACKED,0.0013,0.7063,0.0166,0.7348
raspberrypi,21,2024-12-20T14:04:50.338669,insect,0.52,46,TRACKED,0.0018,0.7079,0.0163,0.7356
raspberrypi,21,2024-12-20T14:04:51.477909,insect,0.5,46,TRACKED,0.0018,0.7076,0.0163,0.7365
raspberrypi,21,2024-12-20T14:04:53.338174,insect,0.52,46,TRACKED,0.0017,0.7071,0.0161,0.7372
raspberrypi,21,2024-12-20T14:04:54.372199,insect,0.51,46,TRACKED,0.0016,0.7082,0.016,0.7374
raspberrypi,21,2024-12-20T14:04:55.574362,insect,0.5,46,TRACKED,0.0016,0.7085,0.0157,0.738
raspberrypi,21,2024-12-20T14:04:58.879289,insect,0.52,46,TRACKED,0.0017,0.7086,0.016,0.7368
raspberrypi,21,2024-12-20T14:05:03.030164,insect,0.51,46,TRACKED,0.0016,0.7085,0.0158,0.7377
raspberrypi,21,2024-12-20T14:05:08.142945,insect,0.51,46,TRACKED,0.0017,0.7088,0.0156,0.7382
raspberrypi,21,2024-12-20T14:05:09.634130,insect,0.51,46,TRACKED,0.0016,0.7083,0.0158,0.739
raspberrypi,21,2024-12-20T14:05:12.097859,insect,0.51,46,TRACKED,0.0016,0.7091,0.0155,0.7385
raspberrypi,21,2024-12-20T14:05:13.736698,insect,0.5,46,TRACKED,0.0018,0.7083,0.0157,0.7393
raspberrypi,21,2024-12-20T14:05:26.633954,insect,0.57,47,NEW,0.0014,0.709,0.0156,0.7386
raspberrypi,21,2024-12-20T14:05:51.085496,insect,0.52,48,NEW,0.001,0.7116,0.0138,0.7463
raspberrypi,21,2024-12-20T14:08:32.169911,insect,0.5,49,NEW,0.0012,0.6517,0.0166,0.6836
raspberrypi,21,2024-12-20T14:08:33.246320,insect,0.51,49,TRACKED,0.0129,0.6615,0.0284,0.6902
raspberrypi,21,2024-12-20T14:08:34.881316,insect,0.53,50,NEW,0.0245,0.6751,0.0405,0.7182
raspberrypi,21,2024-12-20T14:08:35.895820,insect,0.63,52,TRACKED,0.0263,0.6938,0.0447,0.7326
raspberrypi,21,2024-12-20T14:08:43.171443,insect,0.5,53,NEW,0.0891,0.6375,0.1055,0.6762
raspberrypi,21,2024-12-20T14:08:44.184262,insect,0.5,54,TRACKED,0.093,0.651,0.1087,0.691
raspberrypi,21,2024-12-20T14:08:45.197003,insect,0.58,54,TRACKED,0.1,0.6754,0.1162,0.7078
raspberrypi,21,2024-12-20T14:08:46.208979,insect,0.62,54,TRACKED,0.1044,0.6922,0.1227,0.7315
raspberrypi,21,2024-12-20T14:08:47.221445,insect,0.66,54,TRACKED,0.1093,0.7076,0.1261,0.7448
raspberrypi,21,2024-12-20T14:08:48.234035,insect,0.6,54,TRACKED,0.1028,0.7285,0.1187,0.7637
raspberrypi,21,2024-12-20T14:08:49.287974,insect,0.51,54,TRACKED,0.0994,0.7447,0.1151,0.7819
raspberrypi,21,2024-12-20T14:08:51.871133,insect,0.51,54,TRACKED,0.0812,0.7814,0.097,0.8143
raspberrypi,21,2024-12-20T14:08:56.375815,insect,0.54,55,NEW,0.0501,0.6703,0.0683,0.6976
raspberrypi,21,2024-12-20T14:08:57.388892,insect,0.52,55,TRACKED,0.0366,0.6606,0.0552,0.6838
raspberrypi,21,2024-12-20T14:09:02.766786,insect,0.54,56,NEW,0.0139,0.5727,0.0296,0.6039
raspberrypi,21,2024-12-20T14:09:04.072712,insect,0.52,58,NEW,0.0034,0.5721,0.0234,0.5957
raspberrypi,21,2024-12-20T14:09:13.664104,insect,0.54,59,NEW,0.0046,0.5721,0.0206,0.5952
raspberrypi,21,2024-12-20T14:09:16.017078,insect,0.51,60,NEW,0.0043,0.5722,0.0199,0.5961
raspberrypi,21,2024-12-20T14:09:17.114589,insect,0.51,62,NEW,0.0041,0.5718,0.0196,0.596
raspberrypi,21,2024-12-20T14:09:18.127587,insect,0.52,64,TRACKED,0.004,0.5723,0.0195,0.5961
raspberrypi,21,2024-12-20T14:09:19.183453,insect,0.55,64,TRACKED,0.004,0.5716,0.0195,0.5955
raspberrypi,21,2024-12-20T14:09:20.195468,insect,0.52,64,TRACKED,0.0045,0.5718,0.0196,0.5954
raspberrypi,21,2024-12-20T14:09:21.207666,insect,0.51,64,TRACKED,0.0039,0.5727,0.0196,0.5955
raspberrypi,21,2024-12-20T14:09:22.218712,insect,0.57,64,TRACKED,0.0046,0.5709,0.0205,0.596
raspberrypi,21,2024-12-20T14:09:23.253593,insect,0.56,64,TRACKED,0.0034,0.5717,0.0193,0.5958
raspberrypi,21,2024-12-20T14:09:24.286992,insect,0.57,64,TRACKED,0.0036,0.571,0.0198,0.5965
raspberrypi,21,2024-12-20T14:09:25.300182,insect,0.65,64,TRACKED,0.0038,0.569,0.0196,0.5953
raspberrypi,21,2024-12-20T14:09:26.312368,insect,0.61,64,TRACKED,0.0037,0.5701,0.019,0.5953
raspberrypi,21,2024-12-20T14:09:27.325271,insect,0.62,64,TRACKED,0.0037,0.5692,0.019,0.5956
raspberrypi,21,2024-12-20T14:09:28.337115,insect,0.65,64,TRACKED,0.0033,0.567,0.0187,0.5965
raspberrypi,21,2024-12-20T14:09:29.349194,insect,0.63,64,TRACKED,0.0038,0.5688,0.0192,0.5955
raspberrypi,21,2024-12-20T14:09:30.361868,insect,0.58,64,TRACKED,0.0034,0.5706,0.0185,0.5954
raspberrypi,21,2024-12-20T14:09:31.373659,insect,0.61,64,TRACKED,0.0038,0.5705,0.0192,0.595
raspberrypi,21,2024-12-20T14:09:32.386692,insect,0.58,64,TRACKED,0.0036,0.57,0.0188,0.5966
raspberrypi,21,2024-12-20T14:09:33.399635,insect,0.54,64,TRACKED,0.0036,0.5713,0.019,0.596
raspberrypi,21,2024-12-20T14:09:34.498036,insect,0.54,64,TRACKED,0.0033,0.5722,0.0191,0.5948
raspberrypi,21,2024-12-20T14:09:35.511899,insect,0.51,64,TRACKED,0.0035,0.5727,0.0189,0.5951
raspberrypi,21,2024-12-20T14:09:36.523416,insect,0.55,64,TRACKED,0.0032,0.5723,0.0189,0.5949
raspberrypi,21,2024-12-20T14:09:37.828473,insect,0.52,64,TRACKED,0.0034,0.5719,0.0184,0.5957
raspberrypi,21,2024-12-20T14:09:38.841975,insect,0.55,64,TRACKED,0.0037,0.5711,0.0185,0.5956
raspberrypi,21,2024-12-20T14:09:39.854177,insect,0.52,64,TRACKED,0.0033,0.5717,0.0181,0.5954
raspberrypi,21,2024-12-20T14:09:40.867293,insect,0.61,64,TRACKED,0.0034,0.5691,0.018,0.5959
raspberrypi,21,2024-12-20T14:09:41.879825,insect,0.53,64,TRACKED,0.0031,0.5713,0.0174,0.5962
raspberrypi,21,2024-12-20T14:09:42.891604,insect,0.58,64,TRACKED,0.0026,0.5704,0.0174,0.597
raspberrypi,21,2024-12-20T14:09:43.908758,insect,0.63,64,TRACKED,0.0026,0.5681,0.0179,0.5979
raspberrypi,21,2024-12-20T14:09:44.921442,insect,0.6,64,TRACKED,0.0029,0.5694,0.0176,0.5967
raspberrypi,21,2024-12-20T14:09:45.934319,insect,0.62,64,TRACKED,0.0027,0.5682,0.0175,0.5976
raspberrypi,21,2024-12-20T14:09:46.947212,insect,0.62,64,TRACKED,0.0026,0.5684,0.0174,0.5977
raspberrypi,21,2024-12-20T14:09:47.959951,insect,0.58,64,TRACKED,0.0003,0.5651,0.0145,0.6042
raspberrypi,21,2024-12-20T14:09:48.972186,insect,0.62,64,TRACKED,0.0032,0.5673,0.0178,0.5977
raspberrypi,21,2024-12-20T14:09:49.984253,insect,0.64,64,TRACKED,0.0027,0.567,0.0177,0.5976
raspberrypi,21,2024-12-20T14:09:50.996380,insect,0.66,64,TRACKED,0.0027,0.5676,0.0176,0.5957
raspberrypi,21,2024-12-20T14:09:52.009601,insect,0.59,64,TRACKED,0.0016,0.5582,0.0158,0.5899
raspberrypi,21,2024-12-20T14:10:18.516760,insect,0.51,65,NEW,-0.0003,0.1881,0.0158,0.2143
raspberrypi,21,2024-12-20T14:10:44.774868,insect,0.53,66,NEW,0.2643,0.1247,0.2813,0.1562
raspberrypi,21,2024-12-20T14:10:45.955348,insect,0.56,67,NEW,0.2681,0.1893,0.2887,0.2278
raspberrypi,21,2024-12-20T14:10:46.967620,insect,0.58,70,TRACKED,0.2721,0.2105,0.2919,0.2533
raspberrypi,21,2024-12-20T14:10:47.999409,insect,0.52,70,TRACKED,0.263,0.2618,0.2804,0.2989
raspberrypi,21,2024-12-20T14:10:49.672732,insect,0.52,71,NEW,0.2545,0.3654,0.2723,0.4026
raspberrypi,21,2024-12-20T14:10:51.267870,insect,0.51,73,NEW,0.2801,0.3619,0.2985,0.392
raspberrypi,21,2024-12-20T14:10:52.286811,insect,0.53,77,NEW,0.2992,0.3572,0.3184,0.3844
raspberrypi,21,2024-12-20T14:10:53.298942,insect,0.67,79,TRACKED,0.303,0.3576,0.3197,0.3885
raspberrypi,21,2024-12-20T14:10:54.310484,insect,0.63,79,TRACKED,0.3038,0.3573,0.3198,0.3913
raspberrypi,21,2024-12-20T14:10:55.322381,insect,0.62,79,TRACKED,0.3039,0.36,0.3204,0.3901
raspberrypi,21,2024-12-20T14:10:56.335123,insect,0.64,79,TRACKED,0.3043,0.3605,0.321,0.3927
raspberrypi,21,2024-12-20T14:10:57.346660,insect,0.64,79,TRACKED,0.304,0.3596,0.3202,0.3915
raspberrypi,21,2024-12-20T14:10:58.358373,insect,0.62,79,TRACKED,0.3042,0.3608,0.3206,0.3912
raspberrypi,21,2024-12-20T14:10:59.370842,insect,0.62,79,TRACKED,0.3034,0.3597,0.32,0.3923
raspberrypi,21,2024-12-20T14:11:00.383500,insect,0.62,79,TRACKED,0.3037,0.3602,0.3197,0.3913
raspberrypi,21,2024-12-20T14:11:01.396530,insect,0.62,79,TRACKED,0.3038,0.3607,0.3201,0.3901
raspberrypi,21,2024-12-20T14:11:02.408344,insect,0.61,79,TRACKED,0.3039,0.3608,0.32,0.3908
raspberrypi,21,2024-12-20T14:11:03.419859,insect,0.62,79,TRACKED,0.3038,0.36,0.32,0.3911
raspberrypi,21,2024-12-20T14:11:04.431717,insect,0.63,79,TRACKED,0.3037,0.36,0.3202,0.3905
raspberrypi,21,2024-12-20T14:11:05.443767,insect,0.63,79,TRACKED,0.3039,0.3605,0.3201,0.3905
raspberrypi,21,2024-12-20T14:11:06.457720,insect,0.64,79,TRACKED,0.3039,0.3603,0.3201,0.3905
raspberrypi,21,2024-12-20T14:11:07.469982,insect,0.63,79,TRACKED,0.3036,0.3601,0.3202,0.3912
raspberrypi,21,2024-12-20T14:11:08.481988,insect,0.64,79,TRACKED,0.3038,0.3606,0.3198,0.3901
raspberrypi,21,2024-12-20T14:11:09.494647,insect,0.63,79,TRACKED,0.304,0.3608,0.3202,0.3906
raspberrypi,21,2024-12-20T14:11:10.506636,insect,0.64,79,TRACKED,0.3032,0.3606,0.3198,0.3904
raspberrypi,21,2024-12-20T14:11:11.519014,insect,0.65,79,TRACKED,0.3037,0.3602,0.3203,0.3908
raspberrypi,21,2024-12-20T14:11:12.530396,insect,0.63,79,TRACKED,0.3039,0.3609,0.3202,0.3908
raspberrypi,21,2024-12-20T14:11:13.542342,insect,0.63,79,TRACKED,0.3035,0.3606,0.3199,0.3908
raspberrypi,21,2024-12-20T14:11:14.555304,insect,0.62,79,TRACKED,0.3038,0.3608,0.3201,0.3906
raspberrypi,21,2024-12-20T14:11:15.568255,insect,0.62,79,TRACKED,0.3038,0.3602,0.3195,0.3911
raspberrypi,21,2024-12-20T14:11:16.580239,insect,0.62,79,TRACKED,0.3039,0.3607,0.3203,0.3903
raspberrypi,21,2024-12-20T14:11:17.594311,insect,0.64,79,TRACKED,0.304,0.3609,0.3202,0.3902
raspberrypi,21,2024-12-20T14:11:18.607096,insect,0.63,79,TRACKED,0.3036,0.3602,0.3198,0.3908
raspberrypi,21,2024-12-20T14:11:19.621366,insect,0.6,79,TRACKED,0.304,0.3602,0.3198,0.3909
raspberrypi,21,2024-12-20T14:11:20.634653,insect,0.62,79,TRACKED,0.3039,0.3605,0.3204,0.391
raspberrypi,21,2024-12-20T14:11:21.647160,insect,0.63,79,TRACKED,0.304,0.3609,0.3198,0.3908
raspberrypi,21,2024-12-20T14:11:22.659134,insect,0.64,79,TRACKED,0.3038,0.3609,0.3203,0.39
raspberrypi,21,2024-12-20T14:11:23.671439,insect,0.63,79,TRACKED,0.3035,0.3612,0.3202,0.3896
raspberrypi,21,2024-12-20T14:11:24.683784,insect,0.61,79,TRACKED,0.3042,0.362,0.3202,0.3899
raspberrypi,21,2024-12-20T14:11:25.696103,insect,0.61,79,TRACKED,0.3041,0.3614,0.3201,0.3899
raspberrypi,21,2024-12-20T14:11:26.709733,insect,0.61,79,TRACKED,0.3039,0.3614,0.32,0.3895
raspberrypi,21,2024-12-20T14:11:27.721682,insect,0.62,79,TRACKED,0.304,0.3614,0.3203,0.39
raspberrypi,21,2024-12-20T14:11:28.738034,insect,0.58,79,TRACKED,0.3042,0.3619,0.3202,0.3896
raspberrypi,21,2024-12-20T14:11:29.751219,insect,0.62,79,TRACKED,0.3038,0.3612,0.3204,0.3892
raspberrypi,21,2024-12-20T14:11:30.764539,insect,0.59,79,TRACKED,0.3037,0.3612,0.3198,0.3896
raspberrypi,21,2024-12-20T14:11:31.777525,insect,0.63,79,TRACKED,0.3036,0.3598,0.3201,0.3901
raspberrypi,21,2024-12-20T14:11:32.790283,insect,0.63,79,TRACKED,0.3038,0.361,0.3198,0.3903
raspberrypi,21,2024-12-20T14:11:33.802523,insect,0.58,79,TRACKED,0.3035,0.3606,0.3196,0.3902
raspberrypi,21,2024-12-20T14:11:34.815227,insect,0.61,79,TRACKED,0.3038,0.3606,0.3198,0.3902
raspberrypi,21,2024-12-20T14:11:35.829941,insect,0.61,79,TRACKED,0.3035,0.3613,0.3197,0.3897
raspberrypi,21,2024-12-20T14:11:36.845094,insect,0.64,79,TRACKED,0.3046,0.3611,0.3218,0.3887
raspberrypi,21,2024-12-20T14:11:37.856779,insect,0.55,79,TRACKED,0.3112,0.3531,0.3329,0.3806
raspberrypi,21,2024-12-20T14:11:38.890362,insect,0.52,79,TRACKED,0.3164,0.3354,0.3355,0.3678
raspberrypi,21,2024-12-20T14:11:39.902034,insect,0.7,79,TRACKED,0.3212,0.3175,0.3427,0.3514
raspberrypi,21,2024-12-20T14:11:53.120899,insect,0.54,80,NEW,0.2902,0.2362,0.3102,0.2764
raspberrypi,21,2024-12-20T14:11:54.132880,insect,0.55,82,TRACKED,0.2887,0.241,0.3088,0.2784
raspberrypi,21,2024-12-20T14:11:55.145677,insect,0.58,82,TRACKED,0.2887,0.2407,0.3089,0.278
raspberrypi,21,2024-12-20T14:11:56.161232,insect,0.59,82,TRACKED,0.2888,0.2395,0.3093,0.2782
raspberrypi,21,2024-12-20T14:11:57.172789,insect,0.58,82,TRACKED,0.2891,0.2424,0.3094,0.2771
raspberrypi,21,2024-12-20T14:11:58.248324,insect,0.5,82,TRACKED,0.2894,0.243,0.3082,0.2775
raspberrypi,21,2024-12-20T14:12:00.211634,insect,0.51,82,TRACKED,0.2898,0.242,0.3085,0.2767
raspberrypi,21,2024-12-20T14:12:03.107531,insect,0.5,82,TRACKED,0.2889,0.2457,0.3083,0.2776
raspberrypi,21,2024-12-20T14:12:04.119937,insect,0.59,82,TRACKED,0.2878,0.2495,0.308,0.2794
raspberrypi,21,2024-12-20T14:12:06.314288,insect,0.55,82,TRACKED,0.2593,0.2317,0.2821,0.2606
raspberrypi,21,2024-12-20T14:12:17.911587,insect,0.5,83,NEW,0.1621,0.2563,0.1817,0.2929
raspberrypi,21,2024-12-20T14:12:19.071193,insect,0.53,84,NEW,0.1792,0.3197,0.1961,0.3522
raspberrypi,21,2024-12-20T14:12:20.084440,insect,0.62,85,TRACKED,0.1817,0.3516,0.1992,0.389
raspberrypi,21,2024-12-20T14:12:21.118064,insect,0.58,85,TRACKED,0.1901,0.3797,0.2056,0.4107
raspberrypi,21,2024-12-20T14:12:22.131584,insect,0.69,85,TRACKED,0.1846,0.3886,0.2035,0.4279
raspberrypi,21,2024-12-20T14:12:23.915375,insect,0.54,85,TRACKED,0.1675,0.4586,0.1856,0.498
raspberrypi,21,2024-12-20T14:12:24.926725,insect,0.67,85,TRACKED,0.1682,0.4909,0.1882,0.5288
raspberrypi,21,2024-12-20T14:12:25.939389,insect,0.58,85,TRACKED,0.1713,0.5045,0.1894,0.5454
raspberrypi,21,2024-12-20T14:12:26.950867,insect,0.62,85,TRACKED,0.1843,0.5382,0.2034,0.5737
raspberrypi,21,2024-12-20T14:12:34.066206,insect,0.52,86,NEW,0.1861,0.5529,0.2022,0.5823
raspberrypi,21,2024-12-20T14:12:42.404984,insect,0.52,87,NEW,0.1852,0.5552,0.2015,0.5851
raspberrypi,21,2024-12-20T14:12:43.522531,insect,0.5,89,NEW,0.1785,0.5879,0.1948,0.6169
raspberrypi,21,2024-12-20T14:12:45.754087,insect,0.52,89,TRACKED,0.1502,0.6001,0.1707,0.623
raspberrypi,21,2024-12-20T14:12:47.759546,insect,0.52,89,TRACKED,0.137,0.5295,0.1549,0.5608
raspberrypi,21,2024-12-20T14:12:48.834027,insect,0.54,89,TRACKED,0.1346,0.4839,0.1524,0.5156
raspberrypi,21,2024-12-20T14:13:00.850257,insect,0.59,90,NEW,0.1564,0.3809,0.1707,0.4098
raspberrypi,21,2024-12-20T14:13:45.196497,insect,0.51,91,NEW,0.1133,0.2066,0.1367,0.2501
raspberrypi,21,2024-12-20T14:13:46.669056,insect,0.52,91,TRACKED,0.1156,0.2243,0.1426,0.2624
raspberrypi,21,2024-12-20T14:13:47.702536,insect,0.52,91,TRACKED,0.1156,0.2247,0.1435,0.2615
raspberrypi,21,2024-12-20T14:13:48.862284,insect,0.51,91,TRACKED,0.115,0.2227,0.1419,0.2621
raspberrypi,21,2024-12-20T14:13:50.167395,insect,0.52,91,TRACKED,0.1153,0.2232,0.1406,0.261
raspberrypi,21,2024-12-20T14:13:51.178651,insect,0.51,91,TRACKED,0.1152,0.2233,0.1403,0.2603
raspberrypi,21,2024-12-20T14:13:52.189291,insect,0.5,91,TRACKED,0.115,0.2229,0.1409,0.2613
raspberrypi,21,2024-12-20T14:13:53.201127,insect,0.56,91,TRACKED,0.1141,0.2222,0.142,0.2591
raspberrypi,21,2024-12-20T14:13:54.213116,insect,0.61,91,TRACKED,0.1144,0.2228,0.142,0.2597
raspberrypi,21,2024-12-20T14:13:55.225560,insect,0.58,91,TRACKED,0.1157,0.2226,0.1422,0.2596
raspberrypi,21,2024-12-20T14:13:56.237690,insect,0.56,91,TRACKED,0.1157,0.2206,0.1429,0.2587
raspberrypi,21,2024-12-20T14:13:57.249824,insect,0.58,91,TRACKED,0.1146,0.2227,0.1426,0.2595
raspberrypi,21,2024-12-20T14:13:58.261970,insect,0.65,91,TRACKED,0.115,0.2214,0.1431,0.2584
raspberrypi,21,2024-12-20T14:13:59.272922,insect,0.64,91,TRACKED,0.1162,0.2205,0.1436,0.2584
raspberrypi,21,2024-12-20T14:14:00.284354,insect,0.68,91,TRACKED,0.1158,0.2199,0.1441,0.2575
raspberrypi,21,2024-12-20T14:14:01.296107,insect,0.68,91,TRACKED,0.1167,0.2201,0.1442,0.2571
raspberrypi,21,2024-12-20T14:14:02.306820,insect,0.64,91,TRACKED,0.1153,0.2205,0.1437,0.2586
raspberrypi,21,2024-12-20T14:14:03.325880,insect,0.68,91,TRACKED,0.1156,0.2206,0.1439,0.2578
raspberrypi,21,2024-12-20T14:14:04.360033,insect,0.5,91,TRACKED,0.1158,0.2217,0.1399,0.2627
raspberrypi,21,2024-12-20T14:14:05.372199,insect,0.55,91,TRACKED,0.1149,0.2259,0.1423,0.2613
raspberrypi,21,2024-12-20T14:14:06.387074,insect,0.54,91,TRACKED,0.1151,0.2242,0.1421,0.2618
raspberrypi,21,2024-12-20T14:14:07.399240,insect,0.56,91,TRACKED,0.1149,0.2241,0.1419,0.2606
raspberrypi,21,2024-12-20T14:14:08.415798,insect,0.52,91,TRACKED,0.1133,0.2198,0.139,0.2579
raspberrypi,21,2024-12-20T14:14:11.370271,insect,0.51,91,TRACKED,0.1131,0.2225,0.1398,0.2586
raspberrypi,21,2024-12-20T14:14:12.612294,insect,0.54,91,TRACKED,0.1131,0.2214,0.1398,0.258
raspberrypi,21,2024-12-20T14:14:13.708831,insect,0.54,91,TRACKED,0.1142,0.2204,0.1406,0.2551
raspberrypi,21,2024-12-20T14:14:14.784038,insect,0.51,91,TRACKED,0.1142,0.2196,0.1409,0.2557
raspberrypi,21,2024-12-20T14:14:15.795065,insect,0.54,91,TRACKED,0.1156,0.2196,0.1417,0.256
raspberrypi,21,2024-12-20T14:14:16.807154,insect,0.53,91,TRACKED,0.1161,0.2192,0.143,0.2544
raspberrypi,21,2024-12-20T14:14:18.009363,insect,0.53,91,TRACKED,0.1145,0.2195,0.1416,0.2562
raspberrypi,21,2024-12-20T14:14:19.021673,insect,0.56,91,TRACKED,0.1147,0.2195,0.1411,0.2549
raspberrypi,21,2024-12-20T14:14:20.032155,insect,0.54,91,TRACKED,0.1151,0.219,0.1416,0.2561
raspberrypi,21,2024-12-20T14:14:21.045996,insect,0.56,91,TRACKED,0.1143,0.2189,0.1415,0.2549
raspberrypi,21,2024-12-20T14:14:22.058169,insect,0.6,91,TRACKED,0.1142,0.2181,0.1417,0.2546
raspberrypi,21,2024-12-20T14:14:23.070547,insect,0.55,91,TRACKED,0.1147,0.2183,0.1413,0.255
raspberrypi,21,2024-12-20T14:14:24.082667,insect,0.52,91,TRACKED,0.1147,0.2196,0.1414,0.2548
raspberrypi,21,2024-12-20T14:14:25.099273,insect,0.6,91,TRACKED,0.1143,0.2185,0.1417,0.2549
raspberrypi,21,2024-12-20T14:14:26.111065,insect,0.53,91,TRACKED,0.1148,0.2186,0.1413,0.2556
raspberrypi,21,2024-12-20T14:14:27.165432,insect,0.57,91,TRACKED,0.1159,0.2174,0.1433,0.2556
raspberrypi,21,2024-12-20T14:14:28.177052,insect,0.53,91,TRACKED,0.1148,0.2182,0.1422,0.2545
raspberrypi,21,2024-12-20T14:14:29.189436,insect,0.53,91,TRACKED,0.1156,0.218,0.142,0.255
raspberrypi,21,2024-12-20T14:14:30.202143,insect,0.52,91,TRACKED,0.1154,0.2175,0.1427,0.2544
raspberrypi,21,2024-12-20T14:14:31.213023,insect,0.54,91,TRACKED,0.1154,0.2175,0.1423,0.255
raspberrypi,21,2024-12-20T14:14:32.335900,insect,0.51,91,TRACKED,0.1163,0.2173,0.1427,0.2546
raspberrypi,21,2024-12-20T14:14:33.348580,insect,0.56,91,TRACKED,0.1154,0.2183,0.1426,0.2542
raspberrypi,21,2024-12-20T14:14:34.361473,insect,0.62,91,TRACKED,0.1154,0.2165,0.1431,0.2539
raspberrypi,21,2024-12-20T14:14:35.373970,insect,0.61,91,TRACKED,0.1153,0.2183,0.1419,0.2546
raspberrypi,21,2024-12-20T14:14:36.389264,insect,0.59,91,TRACKED,0.1154,0.2176,0.1423,0.255
raspberrypi,21,2024-12-20T14:14:37.401854,insect,0.54,91,TRACKED,0.1149,0.2183,0.1425,0.254
raspberrypi,21,2024-12-20T14:14:38.414979,insect,0.57,91,TRACKED,0.1148,0.2181,0.1425,0.2537
raspberrypi,21,2024-12-20T14:14:39.427884,insect,0.64,91,TRACKED,0.1149,0.217,0.1428,0.2546
raspberrypi,21,2024-12-20T14:14:40.440451,insect,0.56,91,TRACKED,0.1162,0.2176,0.1425,0.2561
raspberrypi,21,2024-12-20T14:14:41.473735,insect,0.53,91,TRACKED,0.1143,0.2242,0.1417,0.2628
raspberrypi,21,2024-12-20T14:14:44.557502,insect,0.51,91,TRACKED,0.113,0.2256,0.1398,0.2626
raspberrypi,21,2024-12-20T14:14:45.591324,insect,0.51,91,TRACKED,0.1134,0.2247,0.1398,0.2626
raspberrypi,21,2024-12-20T14:14:47.041608,insect,0.5,91,TRACKED,0.1126,0.2247,0.1397,0.2619
raspberrypi,21,2024-12-20T14:14:49.049985,insect,0.58,91,TRACKED,0.1134,0.2257,0.1412,0.2639
raspberrypi,21,2024-12-20T14:14:50.250498,insect,0.51,91,TRACKED,0.1142,0.2251,0.1414,0.2645
raspberrypi,21,2024-12-20T14:14:51.261222,insect,0.52,91,TRACKED,0.1144,0.2242,0.1417,0.2647
raspberrypi,21,2024-12-20T14:14:52.277666,insect,0.57,91,TRACKED,0.1154,0.2232,0.1412,0.2613
raspberrypi,21,2024-12-20T14:14:53.290082,insect,0.57,91,TRACKED,0.1148,0.2232,0.1409,0.2617
raspberrypi,21,2024-12-20T14:14:54.302578,insect,0.64,91,TRACKED,0.115,0.2224,0.1411,0.2603
raspberrypi,21,2024-12-20T14:14:55.314953,insect,0.57,91,TRACKED,0.1153,0.223,0.1413,0.2608
raspberrypi,21,2024-12-20T14:14:56.329021,insect,0.52,91,TRACKED,0.1153,0.2233,0.1413,0.2613
raspberrypi,21,2024-12-20T14:15:52.211002,insect,0.53,92,NEW,0.0983,0.2683,0.1174,0.3072
raspberrypi,21,2024-12-20T14:15:53.266295,insect,0.6,93,TRACKED,0.1019,0.2996,0.1192,0.3391
raspberrypi,21,2024-12-20T14:15:54.279107,insect,0.53,93,TRACKED,0.1142,0.328,0.1321,0.357
raspberrypi,21,2024-12-20T14:15:57.913612,insect,0.56,94,NEW,0.1854,0.3083,0.2028,0.3298
raspberrypi,21,2024-12-20T14:16:03.493504,insect,0.51,95,NEW,0.2738,0.2845,0.2955,0.3163
raspberrypi,21,2024-12-20T14:16:04.504255,insect,0.52,95,TRACKED,0.2739,0.2793,0.2938,0.3128
raspberrypi,21,2024-12-20T14:16:05.515297,insect,0.62,95,TRACKED,0.2765,0.2561,0.2943,0.2947
